{
  "2D": 1729.54499912262,
  "3D": 2908.30699944496,
  "AssetLib": 203.658999443054,
  "Editor": 13420.9739992619,
  "External": 8533.49700117112,
  "Script": 45.9660000801086
}