{
  "2D": 1729.54499912262,
  "3D": 3396.87899899483,
  "AssetLib": 203.658999443054,
  "Editor": 14250.6029989719,
  "External": 8825.4460015297,
  "Script": 95.0739998817443
}