{
  "3D": 2463.26499915123,
  "AssetLib": 9.63299965858459,
  "Editor": 7208.58899903297,
  "External": 4728.42900013924,
  "Script": 8.01200008392334
}