{
  "3D": 2197.58399891853,
  "AssetLib": 9.63299965858459,
  "Editor": 6541.29199910164,
  "External": 4326.0630004406,
  "Script": 8.01200008392334
}