{
  "3D": 4.99000000953674,
  "AssetLib": 6.24399971961975,
  "Editor": 10.9809999465942
}